[
    {
        "id": "5790e97d3ea32750",
        "type": "tab",
        "label": "Espesores Trend",
        "disabled": false,
        "info": ""
    },
    {
        "id": "bfe483501e52dbe7",
        "type": "function",
        "z": "5790e97d3ea32750",
        "name": "Trend_Data",
        "func": "if (msg.payload.length < 80) {\n//if (msg.payload.length < 80) {\n      \n    var output = msg.payload.split(\"\\t\")\n    \n    DATE = output[1].split(\".\")\n    //if(DATE[1].length == 0){\n   //      return msg;\n    //}\n    TIME = output[2].split(\".\")\n    //SET_VALUE = msg.file\n    SET_VALUE = output[3]\n    PLUS_TOLERANCE = output[4]\n    MINUS_TOLERANCE = output[5]\n    AVERAGE = output[6]\n    MAX_VALUE = output[7]\n    MIN_VALUE = output[8].split(\"\\r\")[0]\n\n    ANYO = DATE[0]\n    MES = DATE[1]\n    DIA = DATE[2]\n    HORA = TIME[0] +\":\"+ TIME[1] +\":\"+  TIME[2]\n    FECHA = MES + \"-\" + DIA  + \"-\" + ANYO + \" \" + HORA\n\n     msg.payload = \"\"//\"DECLARE @RC int; \" \n    + \"EXECUTE @RC = [dbo].[Asignacion_EspesoresTanda] '\" \n    + FECHA + \"','\"\n    + SET_VALUE + \"','\"+\n    PLUS_TOLERANCE + \"','\"+\n    MINUS_TOLERANCE + \"','\"+\n    AVERAGE + \"','\"+\n    MAX_VALUE + \"','\"+\n    MIN_VALUE + \"';\"\n\n  \n    return msg;\n    }",
        "outputs": 1,
        "noerr": 0,
        "initialize": "",
        "finalize": "",
        "libs": [],
        "x": 450,
        "y": 180,
        "wires": [
            [
                "315675df287f46ba"
            ]
        ]
    },
    {
        "id": "3f7a29b735b52367",
        "type": "MSSQL",
        "z": "5790e97d3ea32750",
        "mssqlCN": "c6ebde42c4067884",
        "name": "",
        "query": "",
        "outField": "payload",
        "x": 900,
        "y": 240,
        "wires": [
            []
        ]
    },
    {
        "id": "c06496963d7ecea2",
        "type": "exec",
        "z": "5790e97d3ea32750",
        "command": "move ",
        "addpay": "filename",
        "append": "Direccion\\Espesores",
        "useSpawn": "false",
        "timer": "",
        "winHide": false,
        "oldrc": false,
        "name": "Move files",
        "x": 940,
        "y": 120,
        "wires": [
            [
                "dc798980c0eb7e6e"
            ],
            [],
            []
        ]
    },
    {
        "id": "dc798980c0eb7e6e",
        "type": "debug",
        "z": "5790e97d3ea32750",
        "name": "",
        "active": false,
        "tosidebar": true,
        "console": false,
        "tostatus": false,
        "complete": "filename",
        "targetType": "msg",
        "statusVal": "",
        "statusType": "auto",
        "x": 1010,
        "y": 60,
        "wires": []
    },
    {
        "id": "b9e9821e6459eab1",
        "type": "debug",
        "z": "5790e97d3ea32750",
        "name": "",
        "active": false,
        "tosidebar": true,
        "console": false,
        "tostatus": false,
        "complete": "payload",
        "targetType": "msg",
        "statusVal": "",
        "statusType": "auto",
        "x": 770,
        "y": 180,
        "wires": []
    },
    {
        "id": "315675df287f46ba",
        "type": "join",
        "z": "5790e97d3ea32750",
        "name": "",
        "mode": "custom",
        "build": "string",
        "property": "payload",
        "propertyType": "msg",
        "key": "topic",
        "joiner": "",
        "joinerType": "str",
        "accumulate": false,
        "timeout": "5",
        "count": "",
        "reduceRight": false,
        "reduceExp": "",
        "reduceInit": "",
        "reduceInitType": "",
        "reduceFixup": "",
        "x": 610,
        "y": 180,
        "wires": [
            [
                "b9e9821e6459eab1",
                "48cbdcb8ef741330",
                "3f156c9812dd27f1"
            ]
        ]
    },
    {
        "id": "e68334a1906b6ef6",
        "type": "file in",
        "z": "5790e97d3ea32750",
        "name": "",
        "filename": "",
        "format": "lines",
        "chunk": false,
        "sendError": false,
        "encoding": "none",
        "allProps": true,
        "x": 260,
        "y": 180,
        "wires": [
            [
                "bfe483501e52dbe7"
            ]
        ],
        "inputLabels": [
            "msg.filename"
        ]
    },
    {
        "id": "48cbdcb8ef741330",
        "type": "delay",
        "z": "5790e97d3ea32750",
        "name": "",
        "pauseType": "delay",
        "timeout": "10",
        "timeoutUnits": "seconds",
        "rate": "1",
        "nbRateUnits": "1",
        "rateUnits": "second",
        "randomFirst": "1",
        "randomLast": "5",
        "randomUnits": "seconds",
        "drop": false,
        "allowrate": false,
        "outputs": 1,
        "x": 760,
        "y": 120,
        "wires": [
            [
                "c06496963d7ecea2"
            ]
        ]
    },
    {
        "id": "64a7d7a50a124032",
        "type": "watch",
        "z": "5790e97d3ea32750",
        "name": "Trend Data",
        "files": "Direccion\\Espesores",
        "recursive": false,
        "x": 100,
        "y": 180,
        "wires": [
            [
                "e68334a1906b6ef6"
            ]
        ]
    },
    {
        "id": "3f156c9812dd27f1",
        "type": "function",
        "z": "5790e97d3ea32750",
        "name": "",
        "func": "msg.payload = \"DECLARE @RC int; \" + msg.payload\nreturn msg;",
        "outputs": 1,
        "noerr": 0,
        "initialize": "",
        "finalize": "",
        "libs": [],
        "x": 760,
        "y": 240,
        "wires": [
            [
                "3f7a29b735b52367"
            ]
        ]
    },
    {
        "id": "c6ebde42c4067884",
        "type": "MSSQL-CN",
        "name": "ServidorPrueba",
        "server": "ServidorPrueba",
        "encyption": false,
        "database": "Prueba"
    }
]