[
    {
        "id": "b1c918dc4e0eee71",
        "type": "tab",
        "label": "MOTAN_rpt",
        "disabled": false,
        "info": ""
    },
    {
        "id": "28b9776486d06276",
        "type": "watch",
        "z": "b1c918dc4e0eee71",
        "name": "MOTAN",
        "files": "Direccion\\Materiales",
        "recursive": false,
        "x": 50,
        "y": 120,
        "wires": [
            [
                "93a3539c829fbd1f"
            ]
        ]
    },
    {
        "id": "93a3539c829fbd1f",
        "type": "file in",
        "z": "b1c918dc4e0eee71",
        "name": "",
        "filename": "",
        "format": "lines",
        "chunk": false,
        "sendError": false,
        "encoding": "none",
        "allProps": false,
        "x": 180,
        "y": 120,
        "wires": [
            [
                "de59e21ddd84150b"
            ]
        ]
    },
    {
        "id": "de59e21ddd84150b",
        "type": "function",
        "z": "b1c918dc4e0eee71",
        "name": "",
        "func": "//msg.payload = msg.payload.split(\"\\n\")\n//ELIMINACION CABECERAS\n//CABECERAS:\n\n//40 campos: length de 650\n//36 campos: length de 526, cuerpo ~180 \n//19 campos: length de 225, cuerpo ~110\n\nif ((msg.payload.length < 210) && (msg.payload.length > 10)){\n    msg.payload = msg.payload.split(\";\")\n    if (msg.payload.length < 2){\n        //msg.payload = msg.payload.split(\";\")\n    }\n    //msg.payload = msg.payload.split(\";\")\n    return msg;\n}",
        "outputs": 1,
        "noerr": 0,
        "initialize": "",
        "finalize": "",
        "libs": [],
        "x": 320,
        "y": 120,
        "wires": [
            [
                "2a262f0a3095fe8e",
                "85dccb449bbb473e"
            ]
        ]
    },
    {
        "id": "2a262f0a3095fe8e",
        "type": "switch",
        "z": "b1c918dc4e0eee71",
        "name": "Tipo archivo",
        "property": "payload.length",
        "propertyType": "msg",
        "rules": [
            {
                "t": "eq",
                "v": "19",
                "vt": "str"
            },
            {
                "t": "eq",
                "v": "40",
                "vt": "str"
            },
            {
                "t": "eq",
                "v": "36",
                "vt": "str"
            },
            {
                "t": "eq",
                "v": "13",
                "vt": "str"
            }
        ],
        "checkall": "true",
        "repair": false,
        "outputs": 4,
        "x": 490,
        "y": 120,
        "wires": [
            [
                "2a5e6e81691f811b"
            ],
            [],
            [
                "9c19bae1c4a5d067",
                "47c048f476b5555a"
            ],
            []
        ]
    },
    {
        "id": "0d75d5224e7c6e4d",
        "type": "debug",
        "z": "b1c918dc4e0eee71",
        "name": "",
        "active": true,
        "tosidebar": true,
        "console": false,
        "tostatus": false,
        "complete": "payload",
        "targetType": "msg",
        "statusVal": "",
        "statusType": "auto",
        "x": 1050,
        "y": 120,
        "wires": []
    },
    {
        "id": "47c048f476b5555a",
        "type": "function",
        "z": "b1c918dc4e0eee71",
        "name": "36 campos batch",
        "func": "//if (msg.payload.length < 100){    \n    //msg.payload = msg.payload.split(\", \")\n    \n    //msg.payload.fecha = ((msg.payload.fecha.split(\"_\")[1]).split(\".txt\")[0]).split(\"-\")\n    \n    //Revisar como es el formato de la fecha en el archivo\n//datetime = msg.payload[0].split(\" \")\n//date = datetime[0].split(\"/\")\n//date = date[1] + \"-\" + date[0] + \"-\" + date[2] \n//MES + \"-\" + DIA  + \"-\" + ANYO  + \" \" + HORA\n//time = msg.payload.fecha[1].split(\".\")\n//FECHA = date + \" \" + datetime[1] //time[0] + \":\" + time[1] + \":\" + time[2] \n\nFECHA = msg.payload[0]\nSTATION1 = msg.payload[1]\nUNIT1 = msg.payload[2]\nWCN1 = msg.payload[3]\nLCO = msg.payload[4]\nSTATION2 = msg.payload[5]\nUNIT2 = msg.payload[6]\nWCN2 = msg.payload[7]\nCOUNT_BATCHES = msg.payload[8]\nACRECIPE_NUMBER = msg.payload[9]\nRECIPE_NAME = msg.payload[10]\nORDER_NUMBER = msg.payload[11]\nMATERIAL_TYPE1 = msg.payload[12]\nSETPOINTPARTS1_PERC = msg.payload[13]\nACTUALPARTES1_PERC = msg.payload[14]\nMATERIAL_TYPE2 = msg.payload[15]\nSETPOINTPARTS2_PERC = msg.payload[16]\nACTUALPARTES2_PERC = msg.payload[17]\nMATERIAL_TYPE3 = msg.payload[18]\nSETPOINTPARTS3_PERC = msg.payload[19]\nACTUALPARTES3_PERC = msg.payload[20]\nMATERIAL_TYPE4 = msg.payload[21]\nSETPOINTPARTS4_PERC = msg.payload[22]\nACTUALPARTES4_PERC = msg.payload[23]\nMATERIAL_TYPE5 = msg.payload[24]\nSETPOINTPARTS5_PERC = msg.payload[25]\nACTUALPARTES5_PERC = msg.payload[26]\nMATERIAL_TYPE6 = msg.payload[27]\nSETPOINTPARTS6_PERC = msg.payload[28]\nACTUALPARTES6_PERC = msg.payload[29]\nACTWEIGHT1_g = msg.payload[30]\nACTWEIGHT2_g = msg.payload[31]\nACTWEIGHT3_g = msg.payload[32]\nACTWEIGHT4_g = msg.payload[33]\nACTWEIGHT5_g = msg.payload[34]\nACTWEIGHT6_g = msg.payload[35].split(\"\\r\")[0]\n\n\nmsg.payload = //\"DECLARE @idTanda int; \" \n \"EXECUTE @idTanda = [dbo].[AgrupacionRecetas] '\" \n+ FECHA + \"','\"\n+ WCN1+ \"','\"\n+ RECIPE_NAME + \"';\"\n\n+\"INSERT INTO [dbo].[Batch_Report]([Fecha_BatchReport],[station1_BatchReport], \" + \n\"[unit1_BatchReport], [wcn1_BatchReport], [lco_BatchReport], [station2_BatchReport], \" +\n\"[unit2_BatchReport], [wcn2_BatchReport], [countBatches_BatchReport], [acRecipeNum_BatchReport], \" + \n\"[recipeName_BatchReport], [orderNum_BatchReport], [materialType1_BatchReport], [setPoint1_BatchReport], [actualParts1_BatchReport], \" + \n\"[materialType2_BatchReport], [setPoint2_BatchReport], [actualParts2_BatchReport], \" +\n\"[materialType3_BatchReport], [setPoint3_BatchReport], [actualParts3_BatchReport], \" +\n\"[materialType4_BatchReport], [setPoint4_BatchReport], [actualParts4_BatchReport], \" +\n\"[materialType5_BatchReport], [setPoint5_BatchReport], [actualParts5_BatchReport], \" +\n\"[materialType6_BatchReport], [setPoint6_BatchReport], [actualParts6_BatchReport], \" +\n\"[actWeight1g_BatchReport], [actWeight2g_BatchReport], [actWeight3g_BatchReport], \" +\n\"[actWeight4g_BatchReport], [actWeight5g_BatchReport], [actWeight6g_BatchReport], [idTanda_BatchReport] \" +\n\") VALUES ('\" + \nFECHA + \"','\"+\nSTATION1 + \"','\"+\nUNIT1 + \"','\"+\nWCN1 + \"','\"+\nLCO + \"','\"+\nSTATION2 + \"','\"+\nUNIT2 + \"','\"+\nWCN2 + \"','\"+\nCOUNT_BATCHES + \"','\"+\nACRECIPE_NUMBER + \"','\"+\nRECIPE_NAME + \"','\"+\nORDER_NUMBER + \"','\"+\nMATERIAL_TYPE1 + \"','\"+\nSETPOINTPARTS1_PERC + \"','\"+\nACTUALPARTES1_PERC + \"','\"+\nMATERIAL_TYPE2 + \"','\"+\nSETPOINTPARTS2_PERC + \"','\"+\nACTUALPARTES2_PERC + \"','\"+\nMATERIAL_TYPE3 + \"','\"+\nSETPOINTPARTS3_PERC + \"','\"+\nACTUALPARTES3_PERC + \"','\"+\nMATERIAL_TYPE4 + \"','\"+\nSETPOINTPARTS4_PERC + \"','\"+\nACTUALPARTES4_PERC + \"','\"+\nMATERIAL_TYPE5 + \"','\"+\nSETPOINTPARTS5_PERC + \"','\"+\nACTUALPARTES5_PERC + \"','\"+\nMATERIAL_TYPE6 + \"','\"+\nSETPOINTPARTS6_PERC + \"','\"+\nACTUALPARTES6_PERC + \"','\"+\nACTWEIGHT1_g + \"','\"+\nACTWEIGHT2_g + \"','\"+\nACTWEIGHT3_g + \"','\"+\nACTWEIGHT4_g + \"','\"+\nACTWEIGHT5_g + \"','\"+\nACTWEIGHT6_g + \"',\"+\n\"@idTanda)\"\n/*\nmsg.payload = \"VALUES ('\" + \nFECHA + \"','\"+\nSTATION1 + \"','\"+\nUNIT1 + \"','\"+\nWCN1 + \"','\"+\nLCO + \"','\"+\nSTATION2 + \"','\"+\nUNIT2 + \"','\"+\nWCN2 + \"','\"+\nCOUNT_BATCHES + \"','\"+\nACRECIPE_NUMBER + \"','\"+\nRECIPE_NAME + \"','\"+\nORDER_NUMBER + \"','\"+\nMATERIAL_TYPE1 + \"','\"+\nSETPOINTPARTS1_PERC + \"','\"+\nACTUALPARTES1_PERC + \"','\"+\nMATERIAL_TYPE2 + \"','\"+\nSETPOINTPARTS2_PERC + \"','\"+\nACTUALPARTES2_PERC + \"','\"+\nMATERIAL_TYPE3 + \"','\"+\nSETPOINTPARTS3_PERC + \"','\"+\nACTUALPARTES3_PERC + \"','\"+\nMATERIAL_TYPE4 + \"','\"+\nSETPOINTPARTS4_PERC + \"','\"+\nACTUALPARTES4_PERC + \"','\"+\nMATERIAL_TYPE5 + \"','\"+\nSETPOINTPARTS5_PERC + \"','\"+\nACTUALPARTES5_PERC + \"','\"+\nMATERIAL_TYPE6 + \"','\"+\nSETPOINTPARTS6_PERC + \"','\"+\nACTUALPARTES6_PERC + \"','\"+\nACTWEIGHT1_g + \"','\"+\nACTWEIGHT2_g + \"','\"+\nACTWEIGHT3_g + \"','\"+\nACTWEIGHT4_g + \"','\"+\nACTWEIGHT5_g + \"','\"+\nACTWEIGHT6_g +\"')\"\n*/\nreturn msg;\n\n\n//}\n",
        "outputs": 1,
        "noerr": 0,
        "initialize": "",
        "finalize": "",
        "libs": [],
        "x": 690,
        "y": 120,
        "wires": [
            [
                "0144d952f7550d97"
            ]
        ]
    },
    {
        "id": "85dccb449bbb473e",
        "type": "debug",
        "z": "b1c918dc4e0eee71",
        "name": "",
        "active": true,
        "tosidebar": true,
        "console": false,
        "tostatus": false,
        "complete": "payload.length",
        "targetType": "msg",
        "statusVal": "",
        "statusType": "auto",
        "x": 370,
        "y": 60,
        "wires": []
    },
    {
        "id": "474b56f3be0358ee",
        "type": "MSSQL",
        "z": "b1c918dc4e0eee71",
        "mssqlCN": "c6ebde42c4067884",
        "name": "",
        "query": "",
        "outField": "payload",
        "x": 1060,
        "y": 40,
        "wires": [
            []
        ]
    },
    {
        "id": "0693b8056bc0ec17",
        "type": "join",
        "z": "b1c918dc4e0eee71",
        "name": "",
        "mode": "custom",
        "build": "string",
        "property": "payload",
        "propertyType": "msg",
        "key": "topic",
        "joiner": "",
        "joinerType": "str",
        "accumulate": false,
        "timeout": "3",
        "count": "",
        "reduceRight": false,
        "reduceExp": "",
        "reduceInit": "",
        "reduceInitType": "",
        "reduceFixup": "",
        "x": 990,
        "y": 80,
        "wires": [
            [
                "0d75d5224e7c6e4d",
                "a80c17d9b134dbf1"
            ]
        ]
    },
    {
        "id": "2a5e6e81691f811b",
        "type": "function",
        "z": "b1c918dc4e0eee71",
        "name": "19 campos shift",
        "func": "//Revisar como es el formato de la fecha en el archivo\n//datetime = msg.payload[0].split(\" \")\n//date = datetime[0].split(\"/\")\n//date = date[1] + \"-\" + date[0] + \"-\" + date[2] \n//MES + \"-\" + DIA  + \"-\" + ANYO  + \" \" + HORA\n//time = msg.payload.fecha[1].split(\".\")\n//FECHA = date + \" \" + datetime[1] //time[0] + \":\" + time[1] + \":\" + time[2] \n\nFECHA = msg.payload[0] \nSTATION1 = msg.payload[1]\nUNIT1 = msg.payload[2]\nWCN1 = msg.payload[3]\nLCO = msg.payload[4]\nSTATION2 = msg.payload[5]\nUNIT2 = msg.payload[6]\nWCN2 = msg.payload[7]\nUNIT_TYPE = msg.payload[8]\nCOUNT_BATCHES = msg.payload[9]\nACRECIPE_NUMBER = msg.payload[9]\nRECIPE_NAME = msg.payload[10]\nORDER_NUMBER = msg.payload[11]\nTOTALS1 = msg.payload[12]\nTOTALS2 = msg.payload[13]\nTOTALS3 = msg.payload[14]\nTOTALS4 = msg.payload[15]\nTOTALS5 = msg.payload[16]\nTOTALS6 = msg.payload[17]\nTOTALSALL = msg.payload[18].split(\"\\r\")[0]\n\nmsg.payload = \"INSERT INTO [dbo].[Shift_Report]([Fecha_ShiftReport],[station1_ShiftReport], \" + \n\"[unit1_ShiftReport], [wcn1_ShiftReport], [lco_ShiftReport], [station2_ShiftReport], \" +\n\"[unit2_ShiftReport], [wcn2_ShiftReport], [countBatches_ShiftReport], [acRecipeNum_ShiftReport], \" + \n\"[recipeName_ShiftReport], [orderNum_ShiftReport], [totals1Act_ShiftReport], [totals2Act_ShiftReport], \" + \n\"[totals3Act_ShiftReport], [totals4Act_ShiftReport], [totals5Act_ShiftReport], \" +\n\"[totals6Act_ShiftReport], [totalsAllAct_ShiftReport] \" +\n\") VALUES ('\" + \nFECHA + \"','\"+\nSTATION1 + \"','\"+\nUNIT1 + \"','\"+\nWCN1 + \"','\"+\nLCO + \"','\"+\nSTATION2 + \"','\"+\nUNIT2 + \"','\"+\nWCN2 + \"','\"+\nCOUNT_BATCHES + \"','\"+\nACRECIPE_NUMBER + \"','\"+\nRECIPE_NAME + \"','\"+\nORDER_NUMBER + \"','\"+\nTOTALS1 + \"','\"+\nTOTALS2 + \"','\"+\nTOTALS3 + \"','\"+\nTOTALS4 + \"','\"+\nTOTALS5 + \"','\"+\nTOTALS6 + \"','\"+\nTOTALSALL +\"')\"\nreturn msg;\n",
        "outputs": 1,
        "noerr": 0,
        "initialize": "",
        "finalize": "",
        "libs": [],
        "x": 680,
        "y": 80,
        "wires": [
            [
                "0693b8056bc0ec17"
            ]
        ]
    },
    {
        "id": "9c19bae1c4a5d067",
        "type": "function",
        "z": "b1c918dc4e0eee71",
        "name": "",
        "func": "date = msg.payload[0].split(\".\")\nfecha = parseInt(date[0] + date[1])\nmsg.payload = new Date(fecha).toDateString();\nreturn msg;",
        "outputs": 1,
        "noerr": 0,
        "initialize": "",
        "finalize": "",
        "libs": [],
        "x": 660,
        "y": 160,
        "wires": [
            [
                "517f6533fb31f5e3"
            ]
        ]
    },
    {
        "id": "517f6533fb31f5e3",
        "type": "debug",
        "z": "b1c918dc4e0eee71",
        "name": "",
        "active": false,
        "tosidebar": true,
        "console": false,
        "tostatus": false,
        "complete": "payload",
        "targetType": "msg",
        "statusVal": "",
        "statusType": "auto",
        "x": 870,
        "y": 160,
        "wires": []
    },
    {
        "id": "0144d952f7550d97",
        "type": "delay",
        "z": "b1c918dc4e0eee71",
        "name": "10msg/s",
        "pauseType": "rate",
        "timeout": "5",
        "timeoutUnits": "seconds",
        "rate": "10",
        "nbRateUnits": "1",
        "rateUnits": "second",
        "randomFirst": "1",
        "randomLast": "5",
        "randomUnits": "seconds",
        "drop": false,
        "allowrate": false,
        "outputs": 1,
        "x": 860,
        "y": 120,
        "wires": [
            [
                "0693b8056bc0ec17"
            ]
        ]
    },
    {
        "id": "a80c17d9b134dbf1",
        "type": "function",
        "z": "b1c918dc4e0eee71",
        "name": "Declare variable",
        "func": "msg.payload = \"DECLARE @idTanda int; \" + msg.payload\nreturn msg;",
        "outputs": 1,
        "noerr": 0,
        "initialize": "",
        "finalize": "",
        "libs": [],
        "x": 880,
        "y": 40,
        "wires": [
            [
                "474b56f3be0358ee"
            ]
        ]
    },
    {
        "id": "c6ebde42c4067884",
        "type": "MSSQL-CN",
        "name": "ServidorPrueba",
        "server": "ServidorPrueba",
        "encyption": false,
        "database": "Prueba"
    }
]