[
    {
        "id": "8eb661618774e0ca",
        "type": "tab",
        "label": "Notificaciones Tandas",
        "disabled": false,
        "info": "",
        "env": []
    },
    {
        "id": "abe231e669c93fca",
        "type": "watch",
        "z": "8eb661618774e0ca",
        "name": "Notificaciones",
        "files": "Direccion\\NotificacionesSAP",
        "recursive": false,
        "x": 90,
        "y": 180,
        "wires": [
            [
                "d44ea7758a729ce6",
                "3067c5ac6eed73bc"
            ]
        ]
    },
    {
        "id": "d44ea7758a729ce6",
        "type": "file in",
        "z": "8eb661618774e0ca",
        "name": "",
        "filename": "",
        "format": "lines",
        "chunk": false,
        "sendError": false,
        "encoding": "none",
        "allProps": true,
        "x": 260,
        "y": 120,
        "wires": [
            [
                "74b771ea64db2016"
            ]
        ]
    },
    {
        "id": "b0bc34c28f25acf2",
        "type": "MSSQL",
        "z": "8eb661618774e0ca",
        "mssqlCN": "c6ebde42c4067884",
        "name": "",
        "query": "",
        "outField": "payload",
        "x": 900,
        "y": 240,
        "wires": [
            [
                "c4abb51aca20983e"
            ]
        ]
    },
    {
        "id": "74b771ea64db2016",
        "type": "function",
        "z": "8eb661618774e0ca",
        "name": "",
        "func": "//Si no es cabecera, se manda el mensaje\n//Parece ser que en el nuevo formato no hay cabeceras\n\nif (msg.payload.length > 20){\n        return msg;\n    }\n",
        "outputs": 1,
        "noerr": 0,
        "initialize": "",
        "finalize": "",
        "libs": [],
        "x": 400,
        "y": 120,
        "wires": [
            [
                "b49fcf7da8d428a3"
            ]
        ]
    },
    {
        "id": "c4abb51aca20983e",
        "type": "exec",
        "z": "8eb661618774e0ca",
        "command": "move ",
        "addpay": "filename",
        "append": "Direccion\\NotificacionesLeidas",
        "useSpawn": "false",
        "timer": "",
        "winHide": false,
        "oldrc": false,
        "name": "Move files",
        "x": 1080,
        "y": 240,
        "wires": [
            [],
            [],
            []
        ]
    },
    {
        "id": "b49fcf7da8d428a3",
        "type": "delay",
        "z": "8eb661618774e0ca",
        "name": "",
        "pauseType": "delay",
        "timeout": "3",
        "timeoutUnits": "seconds",
        "rate": "1",
        "nbRateUnits": "1",
        "rateUnits": "second",
        "randomFirst": "1",
        "randomLast": "5",
        "randomUnits": "seconds",
        "drop": false,
        "allowrate": false,
        "outputs": 1,
        "x": 540,
        "y": 120,
        "wires": [
            [
                "6f27a35dd4c44dfa"
            ]
        ]
    },
    {
        "id": "6f27a35dd4c44dfa",
        "type": "function",
        "z": "8eb661618774e0ca",
        "name": "Notificaciones SQL",
        "func": "\nfunction obtenerFecha(payload){\n    //payload = payload.split(\",\")\n        \n    date = payload[15].split(\".\")\n    date = date[1] + \"-\" + date[0] + \"-\" + date[2] \n    //MES + \"-\" + DIA  + \"-\" + ANYO  + \" \" + HORA\n    fecha =date + \" \" + payload[16]\n    \n    flow.set('Fecha', date)\n    \n    return fecha\n\n    \n}\n//Puede que sobre la linea\npayloadPart = msg.payload\n\npayload = msg.payload.split(\",\")\n\n\nFECHA = obtenerFecha(payload)\n\nID_CONTENEDOR = payload[1]\nORDEN = payload[5].split(\" \")[0]\nPOSICION = payload[6].split(\" \")[0]\nN_MATERIAL = payload[7].split(\" \")[0]\nPUNTO_DATOS = payload[8].split(\" \")[0]\nTRASPASO = payload[9].split(\" \")[0]\nCANTIDAD = payload[10]\nCANTIDAD_NOTIFICAR =  payload[11]\nUNIDAD = payload[12].split(\" \")[0]\nTIPO_UNIDAD = payload[13].split(\" \")[0]\nALMACEN = payload[14].split(\" \")[0]\nTIPO_ALMACEN = payload[17].split(\" \")[0]\nDESDE_UBICACION = payload[18].split(\" \")[0]\nCLASE_ALMACEN = payload[19].split(\" \")[0]\nUBIACION = payload[20].split(\" \")[0]\nN_BOBINA = (payload[22].split(\" \")[0].toUpperCase()).replace(\"O\",\"A\")\nINFO_MATERIAL = payload[23].split(\" \")[0]\nN_PERSONAL = payload[24]//.split(\"\\r\")[0]\nID = ORDEN + \" - \" + ID_CONTENEDOR\nN_CONTENEDOR = ID_CONTENEDOR.substring(15,18)\n\n\n\nPESO = CANTIDAD\n\n\nmsg.payload = \"declare @fechaMinima datetime, @fechaMaxima datetime, @fechaInicio datetime, @RC int, @gemela bit \" +\n\n//declare variables and values\n\"select @fechaMinima = (SELECT min(Fecha_Notificacion) from Notificaciones WHERE Fecha_Notificacion IN( SELECT TOP 2 Fecha_Notificacion FROM Notificaciones ORDER BY Fecha_Notificacion DESC)) \" +\n\"select @fechaMaxima = (SELECT TOP 1 Fecha_Notificacion FROM Notificaciones ORDER BY Fecha_Notificacion DESC) \" +\n\"select @fechaInicio = @fechaMinima \" +\n\"select @gemela = 1 \" + //Es la notificacion generada al mismo tiempo\n\n//IF statement\n\"IF(datediff(mi,@fechaMaxima, '\"+ FECHA + \"')>20)\" +\n\"   BEGIN SELECT @fechaInicio = @fechaMaxima END \" +\n//\"   select @gemela = 0 END\"   //Se trata de la primera notificacion de una nueva tanda\n\n//INSERT statement\n\"INSERT INTO [dbo].[Notificaciones]([Fecha_Notificacion],[FechaInicio_Notificacion], \" + \n\"[idContenedor_Notificacion], [nOrden_Notificacion], [posicion_Notificacion], [nMaterial_Notificacion], \" + \n\"[puntoTomaDatos_Notificacion], [traspaso_Notificacion], [cantidad_Notificacion], [cantidadNotificada_Notificacion],[unidad_Notificacion],[tipoUnidad_Notificacion], \" + \n\"[almacen_Notificacion], [desdeTipoAlmacen_Notificacion], [desdeUbicacion_Notificacion], [claseAlmacen_Notificacion], \" + \n\"[ubicacion_Notificacion], [nBobina_Notificacion], [infoMaterial_Notificacion], [nPersonal_Notificacion], [pesoTotal_Notificacion], [pesoReal_Notificacion]) VALUES ('\" + \nFECHA + \"',\"+\n \"@fechaInicio,'\"+\nID_CONTENEDOR + \"','\"+\nORDEN + \"','\"+\nPOSICION + \"','\"+\nN_MATERIAL + \"','\"+\nPUNTO_DATOS + \"','\"+\nTRASPASO + \"','\"+\nCANTIDAD + \"','\"+\nCANTIDAD_NOTIFICAR + \"','\"+\nUNIDAD + \"','\"+\nTIPO_UNIDAD + \"','\"+\nALMACEN + \"','\"+\nTIPO_ALMACEN + \"','\"+\nDESDE_UBICACION + \"','\"+\nCLASE_ALMACEN + \"','\"+\nUBIACION + \"','\"+\nN_BOBINA + \"','\"+\nINFO_MATERIAL + \"','\"+\nN_PERSONAL + \"',\"+\nPESO + \"*(SELECT pesoUnd_Modelo FROM Modelos WHERE id_Modelo = \" + N_MATERIAL + \")\" \n+\", 0);\"\n\n//Tabla relacion de Notificaciones y Datos internos\n+ \"INSERT INTO Notificaciones_DatosInternos(Fecha_DatosInternos, id_Notificacion) \"\n+ \"SELECT Datos_Internos.Fecha_DatosInternos, '\" + ID_CONTENEDOR\n+ \"' FROM Datos_Internos \" \n+ \"WHERE Datos_Internos.Fecha_DatosInternos < '\" + FECHA + \"' AND Datos_Internos.Fecha_DatosInternos > @fechaInicio;\"\n\n//Tabla relacion de Notificaciones y Apilador\n+ \"INSERT INTO Notificaciones_Apilador(Fecha_ApiladorTrigger, id_Notificacion)\"\n+ \"SELECT Apilador.Fecha_ApiladorTrigger, '\" + ID_CONTENEDOR\n+ \"' FROM Apilador \" \n+ \"WHERE Apilador.Fecha_ApiladorTrigger < '\" + FECHA + \"' AND Apilador.Fecha_ApiladorTrigger > @fechaInicio;\"\n\n//Tabla relacion de Notificaciones y Batch report\n+ \"INSERT INTO Notificaciones_BatchReport (id_BatchReport, id_Notificacion) \"\n+ \"SELECT Batch_Report.id_BatchReport, '\" + ID_CONTENEDOR\n+ \"' FROM Batch_Report \" \n+ \"WHERE Batch_Report.Fecha_BatchReport < '\" + FECHA + \"' AND Batch_Report.Fecha_BatchReport > @fechaInicio;\"\n\n//Tabla relacion de Notificaciones y espesores agregados\n+ \"EXECUTE @RC = [dbo].[Agregacion_EspesoresNotificacion] '\" \n+ ID_CONTENEDOR +\"','\"\n+ FECHA + \"',\"\n+ \"@fechaInicio;\"\n\n//Tabla relacion de Notificaciones y temperaturas agregadas\n+ \"EXECUTE @RC = [dbo].[ProcedimientosAgregacion] '\" \n+ ID_CONTENEDOR +\"','\"\n+ FECHA + \"',\"\n+ \"@fechaInicio;\"\n\n\n//actualizacion de pesos Reales. Realizarlo posterior a los espesores\n+ \"UPDATE Notificaciones SET pesoReal_Notificacion = \"\n+ \"(SELECT pesoUndEspesor_Modelos FROM Modelos WHERE id_Modelo = '\" + N_MATERIAL + \"') * \" + CANTIDAD + \" * \"\n+ \"(SELECT average_NotifTrend /10000 FROM Notificaciones_TrendData WHERE id_Notificacion = '\" + ID_CONTENEDOR + \"') \"\n+ \" WHERE [idContenedor_Notificacion] = '\" + ID_CONTENEDOR + \"';\"\n\n\n\nreturn msg;",
        "outputs": 1,
        "noerr": 0,
        "initialize": "",
        "finalize": "",
        "libs": [],
        "x": 710,
        "y": 120,
        "wires": [
            [
                "1d068ce01777753e"
            ]
        ]
    },
    {
        "id": "1d068ce01777753e",
        "type": "delay",
        "z": "8eb661618774e0ca",
        "name": "",
        "pauseType": "rate",
        "timeout": "10",
        "timeoutUnits": "seconds",
        "rate": "1",
        "nbRateUnits": "3",
        "rateUnits": "second",
        "randomFirst": "1",
        "randomLast": "5",
        "randomUnits": "seconds",
        "drop": false,
        "allowrate": false,
        "outputs": 1,
        "x": 920,
        "y": 120,
        "wires": [
            [
                "b0bc34c28f25acf2"
            ]
        ]
    },
    {
        "id": "88a4e557f504e407",
        "type": "function",
        "z": "8eb661618774e0ca",
        "name": "",
        "func": "fecha = flow.get('Fecha')\n\nmsg.payload = \"EXEC [dbo].[Agrupacion_TandaParte] '\" +  fecha+ \"'\"\n//\"EXECUTE [dbo].[Asignacion_NotificacionesTandas] '\" + fecha + \"'\"\nreturn msg;",
        "outputs": 1,
        "noerr": 0,
        "initialize": "",
        "finalize": "",
        "libs": [],
        "x": 520,
        "y": 240,
        "wires": [
            [
                "5e2141de28c53051",
                "b0bc34c28f25acf2"
            ]
        ]
    },
    {
        "id": "5e2141de28c53051",
        "type": "delay",
        "z": "8eb661618774e0ca",
        "name": "",
        "pauseType": "delay",
        "timeout": "35",
        "timeoutUnits": "seconds",
        "rate": "1",
        "nbRateUnits": "1",
        "rateUnits": "second",
        "randomFirst": "1",
        "randomLast": "5",
        "randomUnits": "seconds",
        "drop": false,
        "allowrate": false,
        "outputs": 1,
        "x": 580,
        "y": 300,
        "wires": [
            [
                "d1a2202787435f41"
            ]
        ]
    },
    {
        "id": "d1a2202787435f41",
        "type": "function",
        "z": "8eb661618774e0ca",
        "name": "",
        "func": "fecha = flow.get('Fecha')\n\nmsg.payload = \"EXECUTE [dbo].[Asignacion_NotificacionesTandas] '\" + fecha + \"'\"\nreturn msg;",
        "outputs": 1,
        "noerr": 0,
        "initialize": "",
        "finalize": "",
        "libs": [],
        "x": 740,
        "y": 300,
        "wires": [
            [
                "b0bc34c28f25acf2"
            ]
        ]
    },
    {
        "id": "3067c5ac6eed73bc",
        "type": "delay",
        "z": "8eb661618774e0ca",
        "name": "",
        "pauseType": "rate",
        "timeout": "2",
        "timeoutUnits": "minutes",
        "rate": "1",
        "nbRateUnits": "4",
        "rateUnits": "second",
        "randomFirst": "1",
        "randomLast": "5",
        "randomUnits": "seconds",
        "drop": true,
        "allowrate": false,
        "outputs": 1,
        "x": 160,
        "y": 240,
        "wires": [
            [
                "189523dd5a4786e6"
            ]
        ]
    },
    {
        "id": "189523dd5a4786e6",
        "type": "delay",
        "z": "8eb661618774e0ca",
        "name": "",
        "pauseType": "delay",
        "timeout": "2",
        "timeoutUnits": "minutes",
        "rate": "1",
        "nbRateUnits": "1",
        "rateUnits": "second",
        "randomFirst": "1",
        "randomLast": "5",
        "randomUnits": "seconds",
        "drop": false,
        "allowrate": false,
        "outputs": 1,
        "x": 320,
        "y": 240,
        "wires": [
            [
                "88a4e557f504e407"
            ]
        ]
    },
    {
        "id": "c6ebde42c4067884",
        "type": "MSSQL-CN",
        "name": "ServidorPrueba",
        "server": "ServidorPrueba",
        "encyption": false,
        "database": "Prueba"
    }
]